round	dispatched_at	exit	secs	prompt_bytes	handback_bytes	verdict
1	2026-09-28T22:47:48Z	0	3831	4872	12514	OK
2	2026-09-28T23:51:39Z	1	1571	17436	0	FAILED-NO-HANDBACK
3	2026-09-29T00:17:50Z	1	4	17642	0	FAILED-NO-HANDBACK
4	2026-09-29T00:17:54Z	1	5	17642	0	FAILED-NO-HANDBACK
5	2026-09-29T00:17:59Z	1	5	17642	0	FAILED-NO-HANDBACK
6	2026-09-29T00:18:04Z	1	4	17642	0	FAILED-NO-HANDBACK
7	2026-09-29T00:18:09Z	1	4	17642	0	FAILED-NO-HANDBACK
8	2026-09-29T00:18:13Z	1	5	17642	0	FAILED-NO-HANDBACK
9	2026-09-29T00:18:18Z	1	5	17642	0	FAILED-NO-HANDBACK
